Port;Terminal;Vessel;Status;Date;Tons;Cargo;Origin;Destination;Coordinator;Charterer;Source line
SAN LORENZO;COFCO INTL. PGSM SOUTH BERTH (EX NIDERA SAN MARTIN);MALLIKA NAREE;SAILED;2026-09-01 00:00:00;16999.86;CORN;ARGENTINA;CONGO;COFCO;COFCO;SAN LORENZO | COFCO INTL. PGSM SOUTH BERTH (EX NIDERA SAN MARTIN) | MALLIKA NAREE | SAILED | 2026-09-01 00:00:00 | 16999.86 | CORN | ARGENTINA | CONGO | COFCO | COFCO
SAN LORENZO;COFCO INTL. PGSM SOUTH BERTH (EX NIDERA SAN MARTIN);MALLIKA NAREE;SAILED;2026-09-01 00:00:00;10500;CORN;ARGENTINA;ANGOLA;COFCO;COFCO;SAN LORENZO | COFCO INTL. PGSM SOUTH BERTH (EX NIDERA SAN MARTIN) | MALLIKA NAREE | SAILED | 2026-09-01 00:00:00 | 10500.0 | CORN | ARGENTINA | ANGOLA | COFCO | COFCO
SAN LORENZO;PAMPA SAN MARTIN;BERGE ASAHIDAKE;SAILED;2026-09-01 00:00:00;33000;CORN;ARGENTINA;TUNISIA;BUNGE;BUNGE;SAN LORENZO | PAMPA SAN MARTIN | BERGE ASAHIDAKE | SAILED | 2026-09-01 00:00:00 | 33000.0 | CORN | ARGENTINA | TUNISIA | BUNGE | BUNGE
SAN LORENZO;TERMINAL 6 SOUTH BERTH SAN MARTIN;DSM HARBOUR;SAILED;2026-09-01 00:00:00;18137.62;CORN;ARGENTINA;YEMEN;BUNGE;AL QAIRAWAN;SAN LORENZO | TERMINAL 6 SOUTH BERTH SAN MARTIN | DSM HARBOUR | SAILED | 2026-09-01 00:00:00 | 18137.62 | CORN | ARGENTINA | YEMEN | BUNGE | AL QAIRAWAN
SAN LORENZO;A.C.A. TIMBUES;FORTUNE KNIGHT;SAILED;2026-09-02 00:00:00;49499.85;CORN;ARGENTINA;INDONESIA;ACA;ENERFO;SAN LORENZO | A.C.A. TIMBUES | FORTUNE KNIGHT | SAILED | 2026-09-02 00:00:00 | 49499.85 | CORN | ARGENTINA | INDONESIA | ACA | ENERFO
SAN LORENZO;QUEBRACHO SAN MARTIN;BERGE JUNGFRAU;SAILED;2026-09-03 00:00:00;14877.87;CORN;ARGENTINA;CHILE;CARGILL;ADM;SAN LORENZO | QUEBRACHO SAN MARTIN | BERGE JUNGFRAU | SAILED | 2026-09-03 00:00:00 | 14877.87 | CORN | ARGENTINA | CHILE | CARGILL | ADM
SAN LORENZO;A.C.A. TIMBUES;AGIOS IOANNIS;SAILED;2026-09-04 00:00:00;29934.29;CORN;ARGENTINA;MALAYSIA;ACA;RAFFLES SHIPPING;SAN LORENZO | A.C.A. TIMBUES | AGIOS IOANNIS | SAILED | 2026-09-04 00:00:00 | 29934.29 | CORN | ARGENTINA | MALAYSIA | ACA | RAFFLES SHIPPING
SAN LORENZO;COFCO INTL. SOUTH BERTH (EX COFCO SOUTH);IRVINE BAY;SAILED;2026-09-04 00:00:00;22618.16;CORN;ARGENTINA;PERU;COFCO;COSTA ATLANTICA;SAN LORENZO | COFCO INTL. SOUTH BERTH (EX COFCO SOUTH) | IRVINE BAY | SAILED | 2026-09-04 00:00:00 | 22618.16 | CORN | ARGENTINA | PERU | COFCO | COSTA ATLANTICA
SAN LORENZO;ACA SAN LORENZO;LEFKADA I;SAILED;2026-09-05 00:00:00;49522;CORN;ARGENTINA;VIETNAM;ACA;ETG WORLD;SAN LORENZO | ACA SAN LORENZO | LEFKADA I | SAILED | 2026-09-05 00:00:00 | 49522.0 | CORN | ARGENTINA | VIETNAM | ACA | ETG WORLD
SAN LORENZO;RENOVA NORTH;ISKENDERUN-M;SAILED;2026-09-05 00:00:00;30000;CORN;ARGENTINA;EGYPT;BUNGE;OILS AND GRAINS;SAN LORENZO | RENOVA NORTH | ISKENDERUN-M | SAILED | 2026-09-05 00:00:00 | 30000.0 | CORN | ARGENTINA | EGYPT | BUNGE | OILS AND GRAINS
SAN LORENZO;QUEBRACHO SAN MARTIN;DRINA S;SAILED;2026-09-05 00:00:00;19784.73;CORN;ARGENTINA;MOROCCO;CARGILL;CARGILL;SAN LORENZO | QUEBRACHO SAN MARTIN | DRINA S | SAILED | 2026-09-05 00:00:00 | 19784.73 | CORN | ARGENTINA | MOROCCO | CARGILL | CARGILL
